{
  "best_performance": {
    "model": "GraphSAGE",
    "k_value": 1,
    "test_f1_score": 0.5767,
    "val_f1_score": 0.3017,
    "training_time": 245.6
  },
  "fastest_training": {
    "model": "GCN + Sampling [25, 10]",
    "k_value": 1,
    "training_time": 44.4,
    "test_f1_score": 0.0021
  },
  "model_rankings_by_speed": {
    "Standard GCN": {
      "avg_training_time": 475.5462184548378,
      "avg_test_f1": 0.05465031772453602
    },
    "GCN + Sampling [25, 10]": {
      "avg_training_time": 257.8090955018997,
      "avg_test_f1": 0.02293160053099791
    },
    "GraphSAGE": {
      "avg_training_time": 275.12302708625793,
      "avg_test_f1": 0.5622648603572233
    },
    "GraphSAGE + Sampling [25, 10]": {
      "avg_training_time": 56.939829766750336,
      "avg_test_f1": 0.5475422061108893
    }
  }
}